{
  "Home page-0" : {
    "transaction" : "Home page-0",
    "sampleCount" : 10,
    "errorCount" : 0,
    "errorPct" : 0.0,
    "meanResTime" : 316.8,
    "medianResTime" : 410.5,
    "minResTime" : 31.0,
    "maxResTime" : 450.0,
    "pct1ResTime" : 449.8,
    "pct2ResTime" : 450.0,
    "pct3ResTime" : 450.0,
    "throughput" : 19.569471624266143,
    "receivedKBytesPerSec" : 6.784338307240704,
    "sentKBytesPerSec" : 2.255075831702544
  },
  "Home page-1" : {
    "transaction" : "Home page-1",
    "sampleCount" : 10,
    "errorCount" : 0,
    "errorPct" : 0.0,
    "meanResTime" : 5919.8,
    "medianResTime" : 5861.5,
    "minResTime" : 4921.0,
    "maxResTime" : 7122.0,
    "pct1ResTime" : 7121.3,
    "pct2ResTime" : 7122.0,
    "pct3ResTime" : 7122.0,
    "throughput" : 1.4017381553125876,
    "receivedKBytesPerSec" : 453.14320616940006,
    "sentKBytesPerSec" : 0.16152842024109895
  },
  "contact-us page" : {
    "transaction" : "contact-us page",
    "sampleCount" : 10,
    "errorCount" : 0,
    "errorPct" : 0.0,
    "meanResTime" : 1484.2,
    "medianResTime" : 1575.5,
    "minResTime" : 821.0,
    "maxResTime" : 1847.0,
    "pct1ResTime" : 1838.9,
    "pct2ResTime" : 1847.0,
    "pct3ResTime" : 1847.0,
    "throughput" : 3.1665611146295127,
    "receivedKBytesPerSec" : 922.4248189122862,
    "sentKBytesPerSec" : 0.7916402786573781
  },
  "Home page" : {
    "transaction" : "Home page",
    "sampleCount" : 10,
    "errorCount" : 0,
    "errorPct" : 0.0,
    "meanResTime" : 6252.4,
    "medianResTime" : 6220.5,
    "minResTime" : 5041.0,
    "maxResTime" : 7590.0,
    "pct1ResTime" : 7589.0,
    "pct2ResTime" : 7590.0,
    "pct3ResTime" : 7590.0,
    "throughput" : 1.3175230566534915,
    "receivedKBytesPerSec" : 426.3755506834651,
    "sentKBytesPerSec" : 0.3036478919631094
  },
  "blog page-0" : {
    "transaction" : "blog page-0",
    "sampleCount" : 10,
    "errorCount" : 0,
    "errorPct" : 0.0,
    "meanResTime" : 13.4,
    "medianResTime" : 13.0,
    "minResTime" : 12.0,
    "maxResTime" : 15.0,
    "pct1ResTime" : 14.9,
    "pct2ResTime" : 15.0,
    "pct3ResTime" : 15.0,
    "throughput" : 4.0849673202614385,
    "receivedKBytesPerSec" : 1.432132097630719,
    "sentKBytesPerSec" : 0.4866855596405229
  },
  "blog page-1" : {
    "transaction" : "blog page-1",
    "sampleCount" : 10,
    "errorCount" : 0,
    "errorPct" : 0.0,
    "meanResTime" : 2013.5,
    "medianResTime" : 1997.5,
    "minResTime" : 1778.0,
    "maxResTime" : 2338.0,
    "pct1ResTime" : 2320.5,
    "pct2ResTime" : 2338.0,
    "pct3ResTime" : 2338.0,
    "throughput" : 2.2815423226100844,
    "receivedKBytesPerSec" : 379.86766163301394,
    "sentKBytesPerSec" : 0.2718243782797171
  },
  "blog page" : {
    "transaction" : "blog page",
    "sampleCount" : 10,
    "errorCount" : 0,
    "errorPct" : 0.0,
    "meanResTime" : 2027.7,
    "medianResTime" : 2011.0,
    "minResTime" : 1793.0,
    "maxResTime" : 2352.0,
    "pct1ResTime" : 2334.5,
    "pct2ResTime" : 2352.0,
    "pct3ResTime" : 2352.0,
    "throughput" : 2.274277916761428,
    "receivedKBytesPerSec" : 379.45549700079596,
    "sentKBytesPerSec" : 0.541917784853309
  },
  "contact-us page-0" : {
    "transaction" : "contact-us page-0",
    "sampleCount" : 10,
    "errorCount" : 0,
    "errorPct" : 0.0,
    "meanResTime" : 13.700000000000001,
    "medianResTime" : 13.0,
    "minResTime" : 13.0,
    "maxResTime" : 16.0,
    "pct1ResTime" : 15.9,
    "pct2ResTime" : 16.0,
    "pct3ResTime" : 16.0,
    "throughput" : 4.25531914893617,
    "receivedKBytesPerSec" : 1.516788563829787,
    "sentKBytesPerSec" : 0.5319148936170213
  },
  "study-abroad page-1" : {
    "transaction" : "study-abroad page-1",
    "sampleCount" : 10,
    "errorCount" : 0,
    "errorPct" : 0.0,
    "meanResTime" : 1753.5,
    "medianResTime" : 1786.0,
    "minResTime" : 1406.0,
    "maxResTime" : 2175.0,
    "pct1ResTime" : 2153.6,
    "pct2ResTime" : 2175.0,
    "pct3ResTime" : 2175.0,
    "throughput" : 2.7210884353741496,
    "receivedKBytesPerSec" : 523.7191751700681,
    "sentKBytesPerSec" : 0.34545068027210885
  },
  "outsourcing page" : {
    "transaction" : "outsourcing page",
    "sampleCount" : 10,
    "errorCount" : 0,
    "errorPct" : 0.0,
    "meanResTime" : 1629.1000000000001,
    "medianResTime" : 1574.0,
    "minResTime" : 1401.0,
    "maxResTime" : 2010.0,
    "pct1ResTime" : 2003.9,
    "pct2ResTime" : 2010.0,
    "pct3ResTime" : 2010.0,
    "throughput" : 2.598752598752599,
    "receivedKBytesPerSec" : 507.8675712220634,
    "sentKBytesPerSec" : 0.6547638383575883
  },
  "Total" : {
    "transaction" : "Total",
    "sampleCount" : 150,
    "errorCount" : 0,
    "errorPct" : 0.0,
    "meanResTime" : 1753.9799999999998,
    "medianResTime" : 1559.0,
    "minResTime" : 12.0,
    "maxResTime" : 7590.0,
    "pct1ResTime" : 5479.300000000002,
    "pct2ResTime" : 6329.7,
    "pct3ResTime" : 7584.9,
    "throughput" : 10.80613788631943,
    "receivedKBytesPerSec" : 1685.786354774512,
    "sentKBytesPerSec" : 1.7644397017505944
  },
  "study-abroad page-0" : {
    "transaction" : "study-abroad page-0",
    "sampleCount" : 10,
    "errorCount" : 0,
    "errorPct" : 0.0,
    "meanResTime" : 16.6,
    "medianResTime" : 16.0,
    "minResTime" : 15.0,
    "maxResTime" : 23.0,
    "pct1ResTime" : 22.400000000000002,
    "pct2ResTime" : 23.0,
    "pct3ResTime" : 23.0,
    "throughput" : 4.514672686230248,
    "receivedKBytesPerSec" : 1.6180516365688489,
    "sentKBytesPerSec" : 0.5731518058690745
  },
  "study-abroad page" : {
    "transaction" : "study-abroad page",
    "sampleCount" : 10,
    "errorCount" : 0,
    "errorPct" : 0.0,
    "meanResTime" : 1770.6,
    "medianResTime" : 1806.5,
    "minResTime" : 1421.0,
    "maxResTime" : 2191.0,
    "pct1ResTime" : 2169.8,
    "pct2ResTime" : 2191.0,
    "pct3ResTime" : 2191.0,
    "throughput" : 2.7078256160303273,
    "receivedKBytesPerSec" : 522.1370032832385,
    "sentKBytesPerSec" : 0.6875338478202003
  },
  "contact-us page-1" : {
    "transaction" : "contact-us page-1",
    "sampleCount" : 10,
    "errorCount" : 0,
    "errorPct" : 0.0,
    "meanResTime" : 1469.9,
    "medianResTime" : 1561.5,
    "minResTime" : 807.0,
    "maxResTime" : 1833.0,
    "pct1ResTime" : 1824.9,
    "pct2ResTime" : 1833.0,
    "pct3ResTime" : 1833.0,
    "throughput" : 3.1806615776081424,
    "receivedKBytesPerSec" : 925.398576653944,
    "sentKBytesPerSec" : 0.3975826972010178
  },
  "outsourcing page-1" : {
    "transaction" : "outsourcing page-1",
    "sampleCount" : 10,
    "errorCount" : 0,
    "errorPct" : 0.0,
    "meanResTime" : 1613.4,
    "medianResTime" : 1559.0,
    "minResTime" : 1387.0,
    "maxResTime" : 1996.0,
    "pct1ResTime" : 1989.9,
    "pct2ResTime" : 1996.0,
    "pct3ResTime" : 1996.0,
    "throughput" : 2.6102845210127903,
    "receivedKBytesPerSec" : 509.1882524960846,
    "sentKBytesPerSec" : 0.3288346711041504
  },
  "outsourcing page-0" : {
    "transaction" : "outsourcing page-0",
    "sampleCount" : 10,
    "errorCount" : 0,
    "errorPct" : 0.0,
    "meanResTime" : 15.100000000000001,
    "medianResTime" : 13.5,
    "minResTime" : 13.0,
    "maxResTime" : 24.0,
    "pct1ResTime" : 23.200000000000003,
    "pct2ResTime" : 24.0,
    "pct3ResTime" : 24.0,
    "throughput" : 5.4024851431658565,
    "receivedKBytesPerSec" : 1.930966369529984,
    "sentKBytesPerSec" : 0.6805865072933549
  }
}